03.05.2022:14:52,Prüm,Temp:16.98, Humidity:57, Pressure:964
03.05.2022:15:09,Prüm,Temp:16.27, Humidity:57, Pressure:964
03.05.2022:15:26,Prüm,Temp:16.29, Humidity:57, Pressure:964
03.05.2022:15:44,Prüm,Temp:16.75, Humidity:57, Pressure:964
03.05.2022:16:01,Prüm,Temp:16.37, Humidity:57, Pressure:964
03.05.2022:16:18,Prüm,Temp:16.23, Humidity:56, Pressure:958
03.05.2022:16:35,Prüm,Temp:16.63, Humidity:59, Pressure:964
03.05.2022:16:53,Prüm,Temp:16.63, Humidity:59, Pressure:964
03.05.2022:17:10,Prüm,Temp:17.15, Humidity:59, Pressure:964
03.05.2022:17:27,Prüm,Temp:17.02, Humidity:59, Pressure:964
03.05.2022:17:44,Prüm,Temp:15.77, Humidity:63, Pressure:964
03.05.2022:18:02,Prüm,Temp:15.72, Humidity:63, Pressure:964
03.05.2022:18:19,Prüm,Temp:16.52, Humidity:63, Pressure:964
03.05.2022:18:36,Prüm,Temp:16.64, Humidity:65, Pressure:964
03.05.2022:18:53,Prüm,Temp:16.07, Humidity:65, Pressure:964
03.05.2022:19:10,Prüm,Temp:15.69, Humidity:65, Pressure:964
03.05.2022:19:28,Prüm,Temp:15.49, Humidity:65, Pressure:964
03.05.2022:19:45,Prüm,Temp:15.03, Humidity:71, Pressure:964
03.05.2022:20:02,Prüm,Temp:14.18, Humidity:73, Pressure:964
03.05.2022:20:19,Prüm,Temp:14.47, Humidity:73, Pressure:964
03.05.2022:20:37,Prüm,Temp:14.76, Humidity:80, Pressure:964
03.05.2022:20:54,Prüm,Temp:13.95,Humidity:80,Pressure:964
03.05.2022:21:11,Prüm,Temp:12.36,Humidity:80,Pressure:964
03.05.2022:21:28,Prüm,Temp:12.15,Humidity:80,Pressure:964
03.05.2022:21:46,Prüm,Temp:11.77,Humidity:87,Pressure:965
03.05.2022:22:03,Prüm,Temp:10.02,Humidity:87,Pressure:965
03.05.2022:22:20,Prüm,Temp:12.98,Humidity:87,Pressure:965
03.05.2022:22:37,Prüm,Temp:11.12,Humidity:91,Pressure:965
03.05.2022:22:55,Prüm,Temp:10.65,Humidity:91,Pressure:965
03.05.2022:23:12,Prüm,Temp:9.98,Humidity:91,Pressure:965
03.05.2022:23:29,Prüm,Temp:11.79,Humidity:91,Pressure:965
03.05.2022:23:46,Prüm,Temp:9.89,Humidity:93,Pressure:965
04.05.2022:00:04,Prüm,Temp:8.69,Humidity:93,Pressure:965
04.05.2022:00:21,Prüm,Temp:9.2,Humidity:93,Pressure:959
04.05.2022:00:38,Prüm,Temp:9.63,Humidity:94,Pressure:965
04.05.2022:00:55,Prüm,Temp:9.3,Humidity:94,Pressure:965
04.05.2022:01:12,Prüm,Temp:8.84,Humidity:94,Pressure:965
04.05.2022:01:30,Prüm,Temp:8.75,Humidity:95,Pressure:965
04.05.2022:01:47,Prüm,Temp:8.3,Humidity:95,Pressure:965
04.05.2022:02:04,Prüm,Temp:6.84,Humidity:92,Pressure:965
04.05.2022:02:21,Prüm,Temp:7.69,Humidity:92,Pressure:965
04.05.2022:02:39,Prüm,Temp:7.26,Humidity:93,Pressure:965
04.05.2022:02:56,Prüm,Temp:5.97,Humidity:93,Pressure:965
04.05.2022:03:13,Prüm,Temp:6.97,Humidity:93,Pressure:965
04.05.2022:03:30,Prüm,Temp:6.96,Humidity:91,Pressure:965
04.05.2022:03:48,Prüm,Temp:6.6,Humidity:91,Pressure:965
04.05.2022:04:05,Prüm,Temp:6.41,Humidity:91,Pressure:965
04.05.2022:04:22,Prüm,Temp:6.36,Humidity:91,Pressure:965
04.05.2022:04:39,Prüm,Temp:6.28,Humidity:91,Pressure:965
04.05.2022:04:57,Prüm,Temp:5.41,Humidity:91,Pressure:965
04.05.2022:05:14,Prüm,Temp:6.06,Humidity:91,Pressure:965
04.05.2022:05:31,Prüm,Temp:5.87,Humidity:90,Pressure:964
04.05.2022:05:48,Prüm,Temp:5.74,Humidity:90,Pressure:964
04.05.2022:06:06,Prüm,Temp:5.87,Humidity:90,Pressure:964
04.05.2022:06:23,Prüm,Temp:5.94,Humidity:90,Pressure:964
04.05.2022:06:40,Prüm,Temp:6.28,Humidity:88,Pressure:965
04.05.2022:06:57,Prüm,Temp:6.41,Humidity:88,Pressure:965
04.05.2022:07:14,Prüm,Temp:6.6,Humidity:88,Pressure:965
04.05.2022:07:32,Prüm,Temp:6.75,Humidity:83,Pressure:965
04.05.2022:07:49,Prüm,Temp:6.78,Humidity:85,Pressure:965
04.05.2022:08:06,Prüm,Temp:7.38,Humidity:83,Pressure:965
04.05.2022:08:23,Prüm,Temp:8.13,Humidity:85,Pressure:965
04.05.2022:08:41,Prüm,Temp:9.78,Humidity:78,Pressure:965
04.05.2022:08:58,Prüm,Temp:9.62,Humidity:78,Pressure:965
04.05.2022:09:15,Prüm,Temp:11.36,Humidity:78,Pressure:965
04.05.2022:09:32,Prüm,Temp:11.96,Humidity:71,Pressure:965
04.05.2022:09:50,Prüm,Temp:12.81,Humidity:71,Pressure:965
04.05.2022:10:07,Prüm,Temp:12.55,Humidity:71,Pressure:965
04.05.2022:10:24,Prüm,Temp:12.58,Humidity:71,Pressure:965
04.05.2022:10:41,Prüm,Temp:13.97,Humidity:65,Pressure:965
04.05.2022:10:59,Prüm,Temp:14.38,Humidity:65,Pressure:965
04.05.2022:11:16,Prüm,Temp:15.05,Humidity:65,Pressure:965
04.05.2022:11:33,Prüm,Temp:14.34,Humidity:63,Pressure:965
04.05.2022:12:04,Prüm,Temp:12.74,Humidity:63,Pressure:965
04.05.2022:12:21,Prüm,Temp:14.73,Humidity:63,Pressure:965
04.05.2022:12:39,Prüm,Temp:14.71,Humidity:65,Pressure:965
04.05.2022:12:56,Prüm,Temp:13.66,Humidity:65,Pressure:965
04.05.2022:13:13,Prüm,Temp:15.29,Humidity:65,Pressure:965
04.05.2022:13:30,Prüm,Temp:15.35,Humidity:72,Pressure:964
04.05.2022:13:48,Prüm,Temp:16.32,Humidity:72,Pressure:964
04.05.2022:14:05,Prüm,Temp:16.85,Humidity:72,Pressure:964
04.05.2022:14:22,Prüm,Temp:16.45,Humidity:72,Pressure:964
04.05.2022:14:40,Prüm,Temp:17.51,Humidity:72,Pressure:964
04.05.2022:14:57,Prüm,Temp:15.7,Humidity:72,Pressure:964
04.05.2022:15:14,Prüm,Temp:15.96,Humidity:72,Pressure:964
04.05.2022:15:32,Prüm,Temp:15.23,Humidity:68,Pressure:964
04.05.2022:15:49,Prüm,Temp:16.09,Humidity:68,Pressure:964
04.05.2022:16:06,Prüm,Temp:16.84,Humidity:68,Pressure:964
04.05.2022:16:23,Prüm,Temp:16.57,Humidity:68,Pressure:964
04.05.2022:16:41,Prüm,Temp:15.84,Humidity:65,Pressure:964
04.05.2022:16:58,Prüm,Temp:15.87,Humidity:65,Pressure:964
04.05.2022:17:15,Prüm,Temp:16.38,Humidity:65,Pressure:964
04.05.2022:17:32,Prüm,Temp:16.73,Humidity:62,Pressure:964
